<?xml version="1.0" encoding="UTF-8"?>
<!DOCTYPE platform PUBLIC "-//NetBeans//DTD Java PlatformDefinition 1.0//EN" "http://www.netbeans.org/dtds/java-platformdefinition-1_0.dtd">
<platform default="no" name="JDK 21.0.7-tem (SDKMAN)">
    <jdkhome>
        <resource>file:/home/fiser/.sdkman/candidates/java/21.0.7-tem/</resource>
    </jdkhome>
    <properties>
        <property name="platform.ant.name" value="JDK_21.0.7-tem__SDKMAN_"/>
    </properties>
    <sysproperties>
        <property name="file.encoding" value="UTF-8"/>
        <property name="file.separator" value="/"/>
        <property name="java.class.path" value=""/>
        <property name="java.class.version" value="65.0"/>
        <property name="java.home" value="/home/fiser/.sdkman/candidates/java/21.0.7-tem"/>
        <property name="java.io.tmpdir" value="/tmp"/>
        <property name="java.library.path" value="/usr/java/packages/lib:/usr/lib64:/lib64:/lib:/usr/lib"/>
        <property name="java.runtime.name" value="OpenJDK Runtime Environment"/>
        <property name="java.runtime.version" value="21.0.7+6-LTS"/>
        <property name="java.specification.name" value="Java Platform API Specification"/>
        <property name="java.specification.vendor" value="Oracle Corporation"/>
        <property name="java.specification.version" value="21"/>
        <property name="java.vendor" value="Eclipse Adoptium"/>
        <property name="java.vendor.url" value="https://adoptium.net/"/>
        <property name="java.vendor.url.bug" value="https://github.com/adoptium/adoptium-support/issues"/>
        <property name="java.vendor.version" value="Temurin-21.0.7+6"/>
        <property name="java.version" value="21.0.7"/>
        <property name="java.version.date" value="2025-04-15"/>
        <property name="java.vm.compressedOopsMode" value="Zero based"/>
        <property name="java.vm.info" value="mixed mode, sharing"/>
        <property name="java.vm.name" value="OpenJDK 64-Bit Server VM"/>
        <property name="java.vm.specification.name" value="Java Virtual Machine Specification"/>
        <property name="java.vm.specification.vendor" value="Oracle Corporation"/>
        <property name="java.vm.specification.version" value="21"/>
        <property name="java.vm.vendor" value="Eclipse Adoptium"/>
        <property name="java.vm.version" value="21.0.7+6-LTS"/>
        <property name="jdk.debug" value="release"/>
        <property name="line.separator" value="&#10;"/>
        <property name="native.encoding" value="UTF-8"/>
        <property name="os.arch" value="amd64"/>
        <property name="os.name" value="Linux"/>
        <property name="os.version" value="6.14.9-300.fc42.x86_64"/>
        <property name="path.separator" value=":"/>
        <property name="stderr.encoding" value="UTF-8"/>
        <property name="stdout.encoding" value="UTF-8"/>
        <property name="sun.arch.data.model" value="64"/>
        <property name="sun.boot.library.path" value="/home/fiser/.sdkman/candidates/java/21.0.7-tem/lib"/>
        <property name="sun.cpu.endian" value="little"/>
        <property name="sun.io.unicode.encoding" value="UnicodeLittle"/>
        <property name="sun.java.command" value="J2SEPlatformProbe /tmp/nb-platformdetect3175145612278788482properties"/>
        <property name="sun.java.launcher" value="SUN_STANDARD"/>
        <property name="sun.jnu.encoding" value="UTF-8"/>
        <property name="sun.management.compiler" value="HotSpot 64-Bit Tiered Compilers"/>
        <property name="user.country" value="US"/>
        <property name="user.dir" value=""/>
        <property name="user.home" value="/home/fiser"/>
        <property name="user.language" value="en"/>
        <property name="user.name" value="fiser"/>
        <property name="user.timezone" value="Europe/Prague"/>
    </sysproperties>
</platform>
